Outdoor_Temp_C,Humidity_Pct,AC_Hours,Heating_Hours,Occupants,Home_Area_sqft,Num_Rooms,Appliance_Count,Neighbourhood_Noise_Index,Window_Color_Code,Pet_Count,Roof_Age_Years,Solar_Panel_Score,Daily_Energy_kWh
27.0,69.7,4.0,0.0,6,2721,6,16,61.9,2,0,16,4.3,27.32
37.9,52.2,5.4,0.0,4,1921,4,12,55.5,3,1,15,0.9,27.84
33.0,55.7,2.9,0.0,6,2583,5,17,75.1,1,1,16,4.5,29.25
11.0,74.7,0.0,0.0,1,769,2,6,41.9,2,0,30,4.9,11.33
14.0,72.7,0.0,1.3,5,2464,6,15,78.2,1,0,35,7.8,29.81
36.9,58.2,4.3,0.0,4,2025,5,11,21.3,4,0,4,1.1,23.9
2.2,87.4,0.0,3.5,2,1138,2,9,36.7,3,4,6,4.0,16.88
34.8,55.4,3.2,0.0,6,2735,6,16,32.4,4,0,32,7.8,26.76
33.9,46.2,4.9,0.0,4,2024,4,12,38.0,1,3,6,3.4,25.35
20.7,70.4,0.0,0.0,6,2840,7,17,86.2,4,2,27,8.4,30.53
14.1,66.8,0.0,0.2,6,2709,6,16,21.7,3,1,3,7.2,29.84
13.1,81.9,0.0,0.0,2,1230,3,7,40.9,3,1,17,0.4,17.33
12.2,63.9,0.0,0.5,6,2562,6,16,60.2,2,0,2,3.9,23.55
19.8,66.1,0.0,0.0,7,3022,7,19,69.2,5,0,28,7.7,27.9
22.2,65.0,0.0,0.0,4,2214,5,13,74.2,4,3,22,5.3,20.01
24.1,52.7,0.1,0.0,6,2517,5,18,46.8,5,0,16,6.7,25.28
41.8,61.1,7.2,0.0,6,2739,6,16,35.4,2,2,28,9.9,29.68
33.7,66.3,4.1,0.0,3,1666,3,10,79.7,3,0,6,6.8,23.29
26.9,57.1,0.1,0.0,6,2735,6,16,28.5,4,4,25,5.5,27.87
41.6,53.8,6.9,0.0,3,1543,3,11,24.6,4,0,17,8.5,25.13
10.6,78.5,0.0,0.4,7,3153,7,17,36.2,3,3,17,4.3,31.39
8.4,56.5,0.0,2.7,6,2779,6,18,54.5,2,0,3,0.1,26.71
26.5,63.2,1.2,0.0,4,2010,4,12,86.0,2,0,33,2.7,18.57
3.8,81.1,0.0,1.7,2,1035,2,8,71.0,5,2,4,5.9,16.01
3.4,82.6,0.0,4.5,6,2762,6,18,59.5,2,1,13,9.5,35.18
22.6,56.0,0.4,0.0,5,2297,5,16,56.5,4,1,18,6.1,27.0
20.6,64.3,0.0,0.0,4,1954,5,13,68.5,4,0,29,2.8,20.7
38.7,48.8,5.3,0.0,6,2807,6,18,63.9,5,0,33,9.9,35.41
27.2,70.1,1.4,0.0,7,3237,7,20,43.5,3,0,4,4.0,31.19
22.6,67.4,0.0,0.0,4,2128,5,14,26.5,2,0,8,2.3,26.63
21.9,65.3,0.0,0.0,3,1580,3,12,34.1,1,1,15,5.5,20.25
11.9,86.5,0.0,1.7,7,3271,8,19,74.8,5,1,20,3.4,32.01
2.5,78.3,0.0,4.5,5,2541,5,16,64.4,3,1,6,1.1,31.47
9.7,73.2,0.0,2.3,4,2156,4,13,75.8,1,0,39,7.1,22.13
29.7,43.8,3.0,0.0,2,1427,4,8,23.1,1,1,12,6.9,16.54
10.0,88.5,0.0,1.6,4,2003,5,12,83.1,3,3,33,9.7,20.68
16.8,77.6,0.0,0.0,7,3139,7,19,46.8,3,2,31,1.4,31.15
2.1,90.4,0.0,4.4,2,1359,3,9,84.8,1,0,36,9.1,21.77
35.2,58.7,5.3,0.0,7,2996,7,18,61.6,5,1,36,8.0,34.38
8.2,78.5,0.0,4.0,7,3185,7,20,58.3,1,2,27,2.5,33.28
12.7,75.3,0.0,1.1,6,2716,6,18,77.3,2,2,13,4.8,32.53
37.2,49.5,5.6,0.0,3,1596,3,11,63.8,4,1,23,6.3,22.8
22.4,63.2,0.5,0.0,6,2571,6,15,67.2,3,3,8,3.1,24.5
35.9,53.1,5.3,0.0,5,2293,5,15,31.0,1,1,23,1.1,32.45
27.6,72.3,1.2,0.0,7,3158,7,20,62.3,4,2,9,8.4,35.52
31.7,60.9,3.1,0.0,3,1747,4,10,45.0,2,2,24,1.6,23.11
5.7,79.4,0.0,3.2,5,2519,6,15,25.3,4,2,29,4.9,24.04
23.6,59.1,1.1,0.0,7,3150,7,17,29.3,1,0,19,4.4,28.33
22.3,59.8,0.4,0.0,7,3137,7,20,53.6,4,1,31,9.0,31.75
36.9,64.7,3.4,0.0,7,3060,6,19,38.4,5,1,15,5.6,32.79
16.5,74.2,0.0,0.0,1,928,2,7,73.6,2,1,21,4.2,18.43
25.9,62.2,2.8,0.0,1,850,2,4,28.6,1,3,10,9.8,11.99
4.4,78.3,0.0,6.1,1,953,2,7,21.0,3,0,15,3.5,21.59
17.5,60.4,0.0,0.0,7,3370,8,19,89.8,2,4,3,7.3,28.73
14.9,71.0,0.0,0.0,3,1636,4,11,41.9,4,1,37,2.3,23.07
8.0,84.8,0.0,1.6,5,2220,5,14,55.7,5,0,15,7.6,25.92
34.7,50.7,4.3,0.0,3,1537,3,10,34.7,5,1,27,7.5,24.71
17.2,67.7,0.0,0.0,1,705,1,8,34.6,4,1,31,8.3,11.76
41.1,46.2,7.2,0.0,7,3016,7,19,48.2,5,0,23,4.8,32.6
25.6,62.8,0.0,0.0,4,2177,5,12,75.3,4,1,22,2.2,18.92
26.2,48.7,0.0,0.0,3,1667,4,10,22.7,5,2,32,6.3,16.41
27.5,58.3,1.2,0.0,1,698,1,5,78.6,5,2,7,9.1,10.44
29.1,52.0,4.0,0.0,1,958,2,7,89.3,1,1,4,3.1,20.62
8.0,84.8,0.0,0.3,4,2171,5,15,59.1,1,1,32,0.2,27.89
19.6,61.2,0.0,0.0,6,2737,6,16,45.2,1,0,35,1.8,27.06
11.6,79.2,0.0,0.9,2,1179,3,7,36.4,4,4,2,9.3,14.62
18.1,80.9,0.5,0.0,4,1980,5,14,32.8,2,1,21,0.1,23.57
5.9,77.2,0.0,2.9,3,1674,4,12,42.6,4,1,37,0.5,21.05
40.7,43.5,6.3,0.0,5,2477,5,16,79.6,5,0,18,1.0,34.09
10.6,77.0,0.0,1.2,3,1782,4,12,20.2,4,1,26,8.9,22.37
28.9,59.0,1.6,0.0,7,3305,7,19,75.0,3,2,15,3.8,32.63
14.0,64.4,0.0,1.2,5,2542,5,15,66.7,4,3,22,6.9,24.37
37.0,55.4,5.7,0.0,2,1423,3,7,21.3,4,0,14,7.1,16.56
28.5,75.5,2.4,0.0,6,2859,6,16,24.9,1,4,17,4.3,28.04
7.3,76.4,0.0,3.3,5,2216,5,16,71.5,1,3,32,7.3,24.84
35.8,51.2,3.9,0.0,7,3144,7,19,67.1,1,1,33,4.6,34.16
39.8,40.8,6.2,0.0,7,3198,7,22,41.9,3,2,9,5.4,36.44
38.2,53.2,6.5,0.0,3,1594,3,11,80.3,4,0,1,3.1,23.04
24.8,52.7,1.7,0.0,5,2509,5,14,34.7,5,0,38,0.0,24.16
7.8,69.1,0.0,2.7,4,1977,5,14,49.9,4,0,1,5.9,28.91
9.7,86.5,0.0,3.0,4,1909,4,15,28.1,5,1,21,2.7,23.39
39.1,42.6,5.6,0.0,1,1053,3,7,65.2,2,0,21,2.8,17.03
24.1,72.0,1.2,0.0,6,2860,7,16,26.1,2,0,25,8.8,28.43
9.2,88.9,0.0,1.4,3,1666,4,11,32.6,1,1,12,3.6,20.15
37.4,53.4,3.4,0.0,1,991,2,8,73.6,1,4,6,1.0,16.23
27.7,64.5,2.7,0.0,7,3288,8,19,55.0,3,0,16,6.3,34.81
24.8,78.3,0.9,0.0,3,1681,5,10,66.3,4,1,38,5.4,25.84
17.1,68.1,0.0,0.0,1,585,1,7,71.4,1,1,21,0.6,8.29
18.4,63.7,0.0,0.0,4,1939,5,13,62.5,5,1,18,3.5,21.77
11.6,63.8,0.0,1.7,7,3105,7,18,33.8,4,1,2,6.1,30.76
3.5,82.2,0.0,5.0,6,2662,6,17,68.9,1,2,37,2.8,31.83
37.0,63.5,4.2,0.0,5,2424,6,14,28.1,2,0,39,9.9,28.55
20.7,74.0,0.0,0.0,3,1783,4,11,38.9,4,0,3,8.0,19.16
23.9,55.9,0.3,0.0,3,1582,3,11,51.4,5,4,27,5.0,20.99
14.9,64.8,0.0,0.3,2,1124,3,10,28.0,5,0,31,9.2,15.72
32.1,52.1,4.0,0.0,6,3023,6,18,27.4,1,1,4,0.3,31.01
3.0,84.6,0.0,5.2,6,2726,6,16,65.7,1,1,15,2.2,32.17
16.9,68.2,0.0,0.1,3,1492,3,11,71.9,3,3,29,9.1,19.0
3.2,83.8,0.0,4.6,3,1669,4,11,45.9,2,3,34,5.1,23.96
6.9,81.1,0.0,1.6,7,3211,7,20,47.3,1,2,21,1.7,35.14
40.7,46.0,6.4,0.0,7,3075,7,20,34.5,3,0,12,5.7,35.84
28.3,59.2,2.9,0.0,1,975,2,6,56.5,4,1,27,7.3,16.81
19.1,69.4,0.0,0.0,2,1202,3,7,60.6,3,1,14,6.0,15.85
22.9,63.7,2.4,0.0,1,769,2,7,85.4,3,0,29,0.5,13.5
36.9,55.8,6.6,0.0,3,1661,4,10,22.8,4,0,1,0.4,23.49
15.8,85.8,0.0,1.9,6,2872,6,15,83.6,2,0,39,4.1,26.54
25.6,66.7,1.6,0.0,5,2324,5,16,89.3,4,1,11,0.2,26.86
29.3,59.0,3.5,0.0,4,2060,5,12,44.2,5,2,5,0.8,23.4
16.2,56.9,0.0,0.4,2,1249,3,8,70.8,1,3,5,6.4,13.24
22.8,67.6,0.2,0.0,2,1599,3,7,77.7,4,1,39,4.4,17.38
32.6,40.1,4.8,0.0,6,2695,6,16,65.6,3,2,37,0.9,31.66
38.4,39.2,8.1,0.0,4,2186,6,12,40.2,2,0,19,8.8,25.26
8.0,84.6,0.0,2.1,1,874,1,6,63.6,1,2,30,3.7,20.21
39.3,55.2,6.0,0.0,3,1625,4,11,81.4,5,1,8,8.8,25.36
2.2,81.8,0.0,4.0,5,2487,6,13,27.5,3,2,37,6.1,28.37
32.1,42.4,5.2,0.0,4,2127,5,14,53.6,2,0,15,6.2,29.64
34.4,51.1,4.3,0.0,6,2932,7,16,21.6,5,1,24,4.2,31.53
7.5,72.8,0.0,3.4,6,2819,6,16,79.1,5,1,15,6.7,28.53
18.8,73.2,0.0,0.0,1,808,2,7,74.5,1,0,5,2.4,19.84
34.6,71.9,4.2,0.0,6,2715,6,17,23.2,2,0,35,2.6,29.13
2.6,84.4,0.0,4.7,5,2461,5,13,72.2,2,2,31,8.7,28.54
27.1,54.3,2.7,0.0,1,950,2,8,68.4,5,2,21,2.0,18.8
33.7,45.3,5.4,0.0,7,3328,7,19,28.8,1,0,39,3.9,31.95
22.5,64.3,0.0,0.0,5,2450,5,15,56.8,1,1,3,7.4,24.01
31.0,55.7,2.1,0.0,2,1387,4,9,68.3,5,2,17,3.3,19.98
11.1,65.8,0.0,3.8,7,3342,7,21,43.5,4,0,28,3.7,40.27
9.9,77.0,0.0,3.8,1,900,2,6,55.3,3,0,14,9.1,15.1
16.5,60.9,0.0,0.0,4,1842,4,14,88.3,2,0,20,2.1,21.18
9.2,85.6,0.0,2.8,1,738,2,5,64.5,1,1,7,2.4,18.15
15.8,79.2,0.0,0.2,6,2607,6,18,55.1,3,1,32,8.9,28.28
39.9,57.7,6.9,0.0,6,2971,6,16,24.6,3,0,11,2.8,30.94
24.9,58.8,0.5,0.0,1,778,2,6,28.5,4,0,2,3.3,14.43
15.6,75.1,0.0,0.0,3,1788,4,12,79.6,2,1,7,8.8,20.74
12.9,72.4,0.0,2.0,7,3230,7,20,72.0,1,1,34,3.2,33.52
40.1,45.8,7.6,0.0,2,1466,4,9,78.5,2,1,20,10.0,27.59
19.8,64.5,0.0,0.3,5,2520,5,17,60.5,2,1,35,8.2,27.97
41.2,37.5,5.7,0.0,4,2008,4,13,60.3,5,1,21,8.5,27.14
22.6,53.1,0.5,0.0,7,3136,7,19,57.1,1,0,1,2.3,30.32
22.8,70.8,0.0,0.0,6,2790,6,18,71.5,5,0,32,2.2,24.86
37.9,49.4,6.4,0.0,6,2801,7,16,43.1,4,1,19,7.5,32.94
31.7,58.2,3.7,0.0,1,816,2,7,54.8,3,0,5,8.3,17.9
25.2,70.3,0.0,0.0,7,3156,7,21,52.9,2,2,5,2.2,29.75
19.1,54.0,0.0,0.0,4,2213,5,12,66.3,1,0,3,2.1,21.58
37.1,45.3,4.9,0.0,1,676,2,6,35.1,3,1,21,2.4,15.11
18.5,69.8,0.0,0.2,1,911,2,6,21.8,4,0,27,1.4,17.87
38.9,53.1,5.2,0.0,6,2671,6,17,26.2,2,2,4,4.2,37.38
4.7,77.7,0.0,3.5,7,3182,7,18,32.5,4,3,23,5.0,32.19
19.2,76.0,0.5,0.0,2,1361,3,9,80.0,2,0,35,6.3,18.9
22.8,66.2,3.0,0.0,3,1633,3,9,70.2,2,1,36,0.6,20.73
40.0,39.3,8.7,0.0,2,1353,4,8,72.5,5,3,8,1.9,28.19
12.0,66.7,0.0,0.5,7,2969,7,19,51.1,3,1,11,1.2,31.09
34.2,60.6,4.5,0.0,3,1773,4,10,27.2,3,1,27,2.7,24.08
29.1,62.6,4.3,0.0,5,2328,5,15,52.6,3,0,30,1.9,28.14
30.7,42.2,2.9,0.0,5,2475,6,14,80.4,4,0,26,9.4,26.7
27.2,71.3,0.6,0.0,3,1662,4,11,55.6,3,0,24,3.7,17.79
40.9,53.0,6.7,0.0,5,2090,5,15,64.2,4,0,13,1.4,32.2
15.3,82.0,0.0,0.0,2,1169,2,8,46.2,2,1,37,6.7,14.63
17.9,65.8,0.0,0.7,7,3186,7,18,30.5,5,0,9,9.7,31.47
10.1,73.5,0.0,1.7,7,3346,7,18,63.9,1,2,26,7.9,31.97
4.0,72.4,0.0,2.3,1,914,2,7,53.9,2,2,36,6.5,19.05
10.5,95.8,0.0,1.3,4,2051,5,12,44.2,2,1,25,3.8,24.63
38.6,48.8,4.9,0.0,2,1090,2,8,38.1,1,0,2,4.0,22.43
35.6,65.7,4.6,0.0,4,2192,5,14,68.7,5,1,8,3.0,25.35
6.5,74.0,0.0,2.4,3,1857,5,12,42.3,3,1,10,8.1,24.7
26.2,62.8,2.2,0.0,7,3163,7,21,60.3,4,1,37,8.0,32.16
21.2,52.6,0.0,0.0,6,2754,6,17,38.2,1,1,13,4.9,26.72
25.8,58.7,1.9,0.0,3,1446,4,10,72.7,5,0,10,8.6,20.54
28.4,67.3,1.2,0.0,4,2126,5,14,46.2,1,2,23,6.5,26.4
14.3,62.1,0.0,0.5,3,1964,4,11,53.5,4,4,18,6.9,14.79
40.5,57.2,5.2,0.0,4,2106,5,14,84.9,5,2,15,2.7,28.64
20.6,69.1,0.9,0.0,7,3312,7,19,70.3,5,0,6,2.4,27.33
27.1,52.2,1.8,0.0,6,2845,6,18,71.5,4,1,5,2.3,31.76
27.4,56.3,1.0,0.0,1,762,2,7,43.8,5,0,12,9.1,9.03
9.4,72.9,0.0,1.4,5,2560,6,16,78.8,3,3,23,8.0,24.47
4.5,80.6,0.0,3.0,6,2632,5,18,47.0,2,2,1,9.0,25.72
18.5,64.1,0.0,0.4,3,1615,4,11,89.2,1,1,29,8.2,23.76
32.6,49.1,1.8,0.0,6,2813,6,17,82.7,4,0,11,8.0,24.7
34.6,51.4,3.2,0.0,1,986,2,6,66.1,4,0,28,4.4,16.54
31.2,48.7,2.8,0.0,1,930,2,7,78.2,1,0,26,7.7,14.51
6.5,68.8,0.0,3.4,4,2066,4,12,58.1,3,1,20,1.7,19.67
38.5,49.9,6.9,0.0,3,1549,3,12,71.3,4,2,25,6.6,24.77
34.1,61.4,4.1,0.0,7,3005,7,19,28.7,1,0,12,0.4,35.52
37.1,39.4,6.1,0.0,6,2787,6,18,89.2,3,0,8,9.7,32.1
22.9,64.4,2.8,0.0,5,2315,5,15,76.0,5,1,1,8.8,29.59
38.6,45.0,5.5,0.0,4,1863,4,13,30.0,4,1,22,1.6,25.18
3.9,73.7,0.0,5.3,1,728,2,8,37.0,5,0,21,7.7,18.94
3.2,88.9,0.0,1.9,2,1201,3,8,60.2,3,0,5,8.2,18.11
2.8,78.3,0.0,3.0,4,1798,4,12,73.4,5,1,25,0.4,25.01
12.1,86.1,0.0,1.8,3,1478,3,10,30.4,5,2,10,5.7,25.87
11.9,68.0,0.0,2.0,3,1444,4,10,87.2,5,0,18,4.2,21.44
9.5,79.5,0.0,2.7,4,2042,4,15,44.2,3,2,19,6.2,25.88
24.7,61.0,3.0,0.0,5,2449,5,15,89.6,3,0,38,8.9,25.76
3.6,75.8,0.0,4.2,3,1881,4,12,72.7,3,2,25,7.2,22.25
25.6,66.6,2.1,0.0,5,2220,5,14,54.0,2,2,8,2.1,29.8
8.6,76.0,0.0,2.1,1,798,1,7,45.4,3,1,13,5.5,12.66
29.1,63.6,3.3,0.0,7,3270,7,20,26.8,4,1,32,5.6,31.41
2.8,82.1,0.0,1.7,4,1994,4,15,26.2,5,0,5,0.1,24.35
14.4,63.3,0.0,1.1,3,1601,3,10,64.1,1,0,29,1.3,18.04
39.5,48.6,7.0,0.0,4,2225,5,13,74.1,3,1,16,3.6,34.11
23.5,64.2,0.1,0.0,3,1599,3,11,83.5,4,3,36,1.8,12.6
34.5,61.7,2.3,0.0,3,1501,3,10,45.5,4,2,16,2.4,21.46
28.3,52.3,2.7,0.0,5,2242,5,15,85.6,1,2,37,6.8,28.0
26.4,60.9,0.7,0.0,7,3200,7,19,40.8,4,0,7,9.6,27.39
9.7,62.5,0.0,1.0,7,3197,7,17,85.8,1,0,10,4.6,28.14
25.0,67.7,0.3,0.0,2,1095,2,9,84.3,4,2,18,6.5,17.34
3.6,73.1,0.0,2.2,5,2282,5,16,30.8,4,0,36,7.6,30.96
34.1,39.9,1.5,0.0,6,2844,7,17,80.3,2,1,35,6.7,25.35
40.4,48.2,7.9,0.0,4,2089,5,11,69.3,2,1,16,6.6,25.02
36.2,61.3,5.3,0.0,5,2323,5,16,69.2,2,3,34,0.0,32.56
4.0,69.2,0.0,3.4,6,2855,6,17,78.8,4,0,27,8.7,34.26
15.5,62.3,0.1,1.2,1,949,2,7,57.6,2,2,39,1.6,13.97
14.7,65.8,0.0,0.4,4,1806,4,14,55.5,4,1,38,1.8,16.12
6.5,70.1,0.0,2.8,1,843,2,6,45.7,2,1,32,5.1,19.77
27.1,63.7,0.7,0.0,7,3210,7,20,80.6,5,0,24,5.9,30.36
33.9,48.0,2.7,0.0,4,1951,4,13,83.1,5,0,15,7.6,26.26
14.5,66.1,0.0,0.1,2,1003,3,8,31.2,4,0,23,2.9,15.79
36.5,56.8,5.2,0.0,1,846,2,6,74.1,1,1,33,9.5,17.58
33.9,48.5,1.8,0.0,1,970,2,6,39.3,5,3,3,6.3,13.32
7.2,82.0,0.0,2.7,2,1450,3,10,32.9,4,1,15,8.4,24.34
32.7,47.8,1.9,0.0,6,2517,5,17,33.8,4,2,24,4.8,30.84
37.3,41.7,5.7,0.0,7,3474,8,19,60.1,5,1,30,0.7,30.14
9.9,61.4,0.0,1.4,3,1505,4,10,39.6,5,0,10,0.1,17.28
24.9,77.4,0.7,0.0,3,1755,4,11,37.0,3,1,12,6.4,25.54
27.5,57.6,1.9,0.0,6,2928,6,16,26.9,5,0,16,4.3,27.53
26.4,63.2,0.9,0.0,1,998,2,6,42.7,3,3,30,4.4,10.92
5.8,79.5,0.0,3.4,5,2418,5,15,74.2,1,0,15,3.3,28.07
28.4,60.7,0.2,0.0,5,2261,5,14,21.5,3,1,4,1.8,23.39
27.3,60.8,1.8,0.0,4,2095,5,13,53.8,2,1,38,4.7,23.64
35.0,68.8,6.7,0.0,6,2694,7,17,62.2,4,2,15,2.5,33.82
34.1,46.0,6.6,0.0,1,577,1,8,23.5,2,2,25,8.9,18.41
15.1,59.0,0.0,1.2,2,1599,4,10,40.6,4,3,16,1.8,17.46
30.9,49.1,4.0,0.0,6,2865,6,18,83.5,2,1,29,9.7,31.75
36.7,41.3,4.3,0.0,3,1858,4,11,89.6,5,0,30,8.6,20.85
37.7,57.0,7.2,0.0,1,771,1,8,79.5,1,1,7,3.8,20.11
8.5,83.9,0.0,2.3,4,2196,5,13,31.9,2,0,6,7.7,25.05
3.1,74.5,0.0,3.9,7,3351,7,19,73.5,5,1,12,5.8,37.37
28.0,48.6,1.8,0.0,6,2967,7,18,51.6,4,1,4,4.7,30.12
10.6,72.6,0.0,0.0,7,3157,6,20,31.9,1,1,35,8.1,29.72
24.5,74.0,0.4,0.0,2,1116,3,10,53.7,3,1,38,8.3,18.98
39.8,26.6,6.1,0.0,3,1619,3,11,84.6,1,1,5,2.0,24.18
17.2,73.8,0.0,0.0,2,996,2,10,81.4,5,0,12,9.1,19.26
12.1,65.5,0.0,0.4,1,676,1,5,47.4,4,1,38,0.3,13.9
20.3,75.1,2.1,0.0,2,1271,3,9,24.4,4,0,24,0.1,24.14
28.3,50.9,2.1,0.0,7,3041,7,18,83.0,2,1,17,4.8,34.2
6.0,77.3,0.0,3.3,5,2380,5,17,89.0,4,0,7,3.0,28.31
17.2,57.4,0.0,0.0,4,2007,4,12,55.8,2,1,16,4.2,19.58
7.3,70.6,0.0,0.8,4,2252,5,13,35.8,4,0,14,4.8,25.75
28.5,70.4,0.9,0.0,1,1036,2,7,58.1,5,0,21,4.7,16.71
35.2,59.9,4.4,0.0,4,2015,4,14,68.7,4,0,26,9.1,26.09
17.1,66.4,0.0,0.0,4,2165,5,12,53.8,4,1,18,9.2,18.16
16.9,62.9,0.0,1.3,6,2686,6,17,44.7,1,0,9,3.5,23.09
23.6,48.6,0.7,0.0,2,1220,3,7,37.3,3,0,19,2.9,16.44
10.6,72.3,0.0,2.3,7,3269,8,20,40.8,3,2,24,6.5,35.2
11.9,74.0,0.0,0.0,3,1491,3,10,23.5,1,2,17,2.0,20.77
15.2,70.7,0.0,0.5,1,847,2,6,37.9,4,1,34,4.0,10.81
20.3,66.0,0.0,0.0,5,2241,5,14,86.7,2,1,28,7.2,26.39
5.3,71.3,0.0,3.2,5,2414,5,15,20.6,5,1,35,0.1,25.94
32.1,55.6,1.2,0.0,7,3356,8,19,70.9,5,3,11,7.7,32.38
25.2,62.0,0.3,0.0,4,1930,4,13,75.2,3,1,19,7.3,22.58
14.0,82.7,0.0,0.8,6,2807,6,19,48.3,4,2,7,3.9,27.4
